Corrente do Motor;Taxa da Balanca
27,5;81,615
27,4;40,78647
27,4;40,78647
27,4;17,82025
27,4;17,82025
27,4;11,69595
27,4;11,69595
27,4;8,634004
27,6;8,634004
27,6;8,634004
27,5;0
27,5;0
27,5;0
27,3;0
27,3;2,764801
27,2;2,764801
27,2;0
27,3;0
27,3;0
27,3;0
27,3;0
27,3;0
27,6;0
27,6;2,509705
27,5;2,509705
27,5;5,316559
27,3;5,316559
27,3;5,316559
27,2;11,69595
27,2;11,69595
27,2;10,42008
27,4;10,42008
27,4;10,16498
27,5;10,16498
27,5;5,316559
27,6;5,316559
27,6;0,9787293
27,4;0,9787293
27,4;0,9787293
27,3;0
27,3;0
27,3;0
27,2;0
27,2;0
27,4;0
27,4;0
27,5;0
27,5;0
27,4;10,67517
27,4;10,67517
27,4;4,295777
27,3;4,295777
27,3;7,613221
27,3;7,613221
27,3;2,254608
27,4;2,254608
27,4;2,254608
27,6;4,04068
27,6;4,04068
27,6;0
27,5;0
27,5;0
27,3;0
27,3;4,550873
27,2;4,550873
27,2;0
27,2;0
27,2;0
27,5;0
27,5;0
27,5;3,274994
27,5;3,274994
27,5;1,999115
27,4;1,999115
27,4;0
27,2;0
27,2;0
27,3;1,233826
27,3;1,233826
27,3;0
27,4;0
27,4;34,66217
27,6;34,66217
27,6;635,6083
27,9;635,6083
27,9;635,6083
28,4;1732,367
28,4;1732,367
28,4;2937,831
29,6;2937,831
29,6;4632,729
31,7;4632,729
31,7;5946,134
40,3;5946,134
40,3;5946,134
51,4;6855,337
51,4;6855,337
51,4;7115,619
56,5;7115,619
56,5;7121,743
48,6;7121,743
48,6;7044,424
42,8;7044,424
42,8;7168,186
43,9;7168,186
43,9;7168,186
51,1;7361,866
51,1;7361,866
51,1;7480,269
51,7;7480,269
51,7;7533,347
48,6;7533,347
48,6;7333,031
48,9;7333,031
48,9;7333,031
45,5;7160,785
45,5;7160,785
45,5;7087,549
44,5;7087,549
44,5;6921,938
48,1;6921,938
48,1;6795,114
45,3;6795,114
45,3;6795,114
43,2;6746,885
43,2;6746,885
43,2;6698,401
44,1;6698,401
44,1;6666,249
45,8;6666,249
45,8;6640,476
46,8;6640,476
46,8;6640,476
47;6913,262
47;6913,262
47;7527,478
55;7527,478
55;7973,53
58,1;7973,53
58,1;8276,427
53,7;8276,427
53,7;8276,427
63,5;8240,447
63,5;8240,447
63,5;7730,089
59,1;7730,089
59,1;6826,246
49,8;6826,246
49,8;5137,983
41,6;5137,983
41,6;5137,983
33,8;3749,045
33,8;3749,045
33,8;3560,467
31;3560,467
31;3826,364
31,5;3826,364
31,5;4555,665
36,8;4555,665
36,8;4555,665
38,7;5475,584
38,7;5475,584
38,7;6032,896
42,7;6032,896
42,7;6241,632
46,8;6241,632
46,8;6347,531
43,5;6347,531
43,5;6347,531
44,5;6245,714
44,5;6245,714
44,5;6165,843
45,9;6165,843
45,9;6186,768
46,4;6186,768
46,4;5943,838
43,8;5943,838
43,8;5943,838
40,9;5268,89
40,9;5268,89
40,9;4818,754
43,1;4818,754
43,1;4197,649
41,4;4197,649
41,4;3802,887
38,4;3802,887
38,4;3802,887
37,1;3782,473
37,1;3782,473
37,1;3892,455
35,8;3892,455
35,8;3502,287
37,5;3502,287
37,5;2769,924
33,2;2769,924
33,2;2769,924
30,3;1871,695
30,3;1871,695
30,3;1589,722
28,3;1589,722
28,3;2607,63
28;2607,63
28;4492,636
30,2;4492,636
30,2;6558,564
54,3;6558,564
54,3;6558,564
83,9;7903,867
83,9;7903,867
83,9;8422,645
75,4;8422,645
75,4;8303,221
60,5;8303,221
60,5;7853,341
53,3;7853,341
53,3;7853,341
45,6;7468,276
45,6;7468,276
45,6;7237,084
48;7237,084
48;7163,848
48,3;7163,848
48,3;7232,491
49,3;7232,491
49,3;7232,491
47,7;7272,809
47,7;7272,809
47,7;7279,188
47,3;7279,188
47,3;7201,104
48;7201,104
48;7162,061
47,7;7162,061
47,7;7257,753
48,3;7257,753
48,3;7257,753
49,2;7197,787
49,2;7197,787
49,2;6928,063
48,5;6928,063
48,5;6656,042
44,8;6656,042
44,8;6426,891
43,4;6426,891
43,4;6426,891
43;6276,336
43;6276,336
43;6430,975
44,4;6430,975
44,4;6637,924
44,1;6637,924
44,1;6754,031
46;6754,031
46;6754,031
47,4;6990,836
47,4;6990,836
47,4;7218,966
52;7218,966
52;7465,469
53,9;7465,469
53,9;7581,831
52;7581,831
52;7581,831
50,4;7484,608
50,4;7484,608
50,4;7247,036
48,1;7247,036
48,1;7068,921
48,2;7068,921
48,2;6705,546
49,4;6705,546
49,4;6417,705
43,3;6417,705
43,3;6417,705
42,8;6425,615
42,8;6425,615
42,8;6518,5
43,8;6518,5
43,8;6738,975
46,6;6738,975
46,6;6866,564
46;6866,564
46;6866,564
48,3;6928,828
48,3;6928,828
48,3;6958,173
48,3;6958,173
48,3;6977,567
45,8;6977,567
45,8;6904,586
46;6904,586
46;6904,586
44,3;6886,213
44,3;6886,213
44,3;6965,574
46,6;6965,574
46,6;7081,68
49,4;7081,68
49,4;7114,854
47;7114,854
47;7114,854
46,4;7059,99
46,4;7059,99
46,4;6984,201
44,5;6984,201
44,5;6926,787
44,1;6926,787
44,1;6839,005
47,3;6839,005
47,3;6839,005
44,3;6787,969
44,3;6787,969
44,3;6921,683
43,4;6921,683
43,4;7094,439
45,2;7094,439
45,2;7201,104
47,4;7201,104
47,4;7201,104
48,7;7056,928
48,7;7056,928
48,7;6815,784
45,2;6815,784
45,2;6686,408
42,7;6686,408
42,7;6693,809
41,4;6693,809
41,4;6693,809
42,6;6811,446
42,6;6811,446
42,6;7132,716
44,3;7132,716
44,3;7634,908
50,4;7634,908
50,4;8091,933
55,5;8091,933
55,5;8091,933
53,5;8381,306
53,5;8381,306
53,5;8308,579
55,7;8308,579
55,7;7873,5
50,2;7873,5
50,2;7227,643
46,7;7227,643
46,7;7227,643
46;6486,603
46;6486,603
46;6124,25
41,6;6124,25
41,6;6289,605
40,1;6289,605
40,1;6545,039
44,8;6545,039
44,8;6545,039
47,2;6808,639
47,2;6808,639
47,2;6894,379
50,4;6894,379
50,4;6888,765
48,7;6888,765
48,7;6906,373
45,6;6906,373
45,6;6906,373
45,5;7088,825
45,5;7088,825
45,5;7388,15
52,2;7388,15
52,2;7551,209
51,7;7551,209
51,7;7472,104
50;7472,104
50;7308,534
48,1;7308,534
48,1;7308,534
45,6;7101,839
45,6;7101,839
45,6;6819,611
44,4;6819,611
44,4;6632,82
41,4;6632,82
41,4;6771,383
42,6;6771,383
42,6;6771,383
43,8;7383,301
43,8;7383,301
43,8;7893,404
59,2;7893,404
59,2;7833,947
56,2;7833,947
56,2;7507,574
48,8;7507,574
48,8;7507,574
39,9;7785,208
39,9;7785,208
39,9;7931,936
58,8;7931,936
58,8;7543,554
52,6;7543,554
52,6;6800,983
44,4;6800,983
44,4;5886,422
38,4;5886,422
38,4;5886,422
35,4;5345,954
35,4;5345,954
35,4;5262,765
35,9;5262,765
35,9;5544,483
37,8;5544,483
37,8;6035,958
39;6035,958
39;6035,958
44,1;6709,884
44,1;6709,884
44,1;7221,263
47;7221,263
47;7526,712
48,4;7526,712
48,4;7587,444
48,3;7587,444
48,3;7587,444
47,7;7508,85
47,7;7508,85
47,7;7478,738
47,6;7478,738
47,6;7652,515
46,6;7652,515
46,6;7704,316
48,3;7704,316
48,3;7704,316
47,4;7707,633
47,4;7707,633
47,4;8291,228
47,7;8291,228
47,7;8741,874
71;8741,874
71;8411,162
100,7;8411,162
100,7;8129,444
67,8;8129,444
67,8;8129,444
48,4;7920,963
48,4;7920,963
48,4;7903,356
38,2;7903,356
38,2;7567,541
35;7567,541
35;6983,437
35,5;6983,437
35,5;6983,437
40,2;6710,395
40,2;6710,395
40,2;6668,546
43,2;6668,546
43,2;6774,7
45,2;6774,7
45,2;6768,831
46,2;6768,831
46,2;6768,831
46,1;6809,404
46,1;6809,404
46,1;4458,187
47,5;4458,187
47,5;6579,999
44,8;6579,999
44,8;6385,552
42,8;6385,552
42,8;6385,552
43,2;6338,6
43,2;6338,6
43,2;6328,647
44,7;6328,647
44,7;6374,835
45,8;6374,835
45,8;6446,029
44,2;6446,029
44,2;6446,029
43,4;6420,256
43,4;6420,256
43,4;6256,432
43,6;6256,432
43,6;5613,381
41,8;5613,381
41,8;4346,929
37,4;4346,929
37,4;4346,929
31,3;3504,839
31,3;3504,839
31,3;3738,838
30,3;3738,838
30,3;4365,557
32,2;4365,557
32,2;5123,438
36,9;5123,438
36,9;5123,438
41,1;5498,296
41,1;5498,296
41,1;5337,278
47,4;5337,278
47,4;4511,775
35;4511,775
35;4213,725
33,8;4213,725
33,8;4213,725
34,1;4294,618
34,1;4294,618
34,1;5014,477
38;5014,477
38;5672,583
41,6;5672,583
41,6;6018,095
48,3;6018,095
48,3;6018,095
41,6;6005,847
41,6;6005,847
41,6;5859,374
39,5;5859,374
39,5;5891,782
42,4;5891,782
42,4;6230,148
48,2;6230,148
48,2;6230,148
52,2;6666,249
52,2;6666,249
52,2;7425,406
57,2;7425,406
57,2;7981,44
63;7981,44
63;8190,687
63,9;8190,687
63,9;8190,687
61,3;8104,692
61,3;8104,692
61,3;7747,952
57,4;7747,952
57,4;6908,669
46,5;6908,669
46,5;6268,681
41,1;6268,681
41,1;5720,812
39;5720,812
39;5720,812
40,9;5604,96
40,9;5604,96
40,9;5852,229
44,1;5852,229
44,1;6126,291
48,1;6126,291
48,1;6205,141
48,8;6205,141
48,8;6205,141
44,9;6015,798
44,9;6015,798
44,9;5682,279
42,2;5682,279
42,2;5633,541
39,5;5633,541
39,5;5953,535
46;5953,535
46;5953,535
48;7231,725
48;7231,725
48;8096,016
73,9;8096,016
73,9;7969,958
83,9;7969,958
83,9;7912,542
66,1;7912,542
66,1;7900,805
55,8;7900,805
55,8;7900,805
40,4;7630,315
40,4;7630,315
40,4;6562,136
37,1;6562,136
37,1;5622,568
35,1;5622,568
35,1;5272,208
37,8;5272,208
37,8;5272,208
40,3;5236,737
40,3;5236,737
40,3;5607,002
44,9;5607,002
44,9;5934,651
47,1;5934,651
47,1;6021,923
46,6;6021,923
46,6;6021,923
44,8;6161,25
44,8;6161,25
44,8;6393,208
45;6393,208
45;6564,432
47,7;6564,432
47,7;6538,405
51,8;6538,405
51,8;6538,405
50,9;6418,726
50,9;6418,726
50,9;6299,046
45,5;6299,046
45,5;6046,165
40;6046,165
40;6786,183
38,8;6786,183
38,8;7952,095
40,5;7952,095
40,5;7952,095
77,8;8539,262
77,8;8539,262
77,8;8565,546
57,5;8565,546
57,5;8450,715
49,1;8450,715
49,1;7761,477
51,1;7761,477
51,1;7761,477
40,8;6261,025
40,8;6261,025
40,8;5074,188
35,4;5074,188
35,4;4926,44
34,6;4926,44
34,6;6239,335
34,6;6239,335
34,6;6239,335
58,1;7766,325
58,1;7766,325
58,1;7892,894
59,4;7892,894
59,4;6877,792
44,3;6877,792
44,3;5078,527
37,8;5078,527
37,8;5078,527
33;3082,773
33;3082,773
33;1793,865
28,2;1793,865
28,2;1693,069
27,1;1693,069
27,1;2862,809
28,3;2862,809
28,3;2862,809
38;4577,355
38;4577,355
38;6338,089
52,3;6338,089
52,3;7649,453
63,8;7649,453
63,8;8276,938
61,5;8276,938
61,5;8276,938
52,7;8653,326
52,7;8653,326
52,7;9115,965
46,1;9115,965
46,1;8990,673
76;8990,673
76;7613,983
51,1;7613,983
51,1;7613,983
32,6;5513,606
32,6;5513,606
32,6;3757,466
29,5;3757,466
29,5;3699,795
31,2;3699,795
31,2;4673,303
36,5;4673,303
36,5;4673,303
48,5;6100,772
48,5;6100,772
48,5;7451,179
51,1;7451,179
51,1;8121,278
66,2;8121,278
66,2;7786,484
61,3;7786,484
61,3;7786,484
51,4;6818,591
51,4;6818,591
51,4;6141,602
44,3;6141,602
44,3;5909,388
38,7;5909,388
38,7;5881,063
42,2;5881,063
42,2;5881,063
43,6;5941,796
43,6;5941,796
43,6;6535,343
43,2;6535,343
43,2;7631,591
45,5;7631,591
45,5;7775,256
69,6;7775,256
69,6;7775,256
64,5;7070,453
64,5;7070,453
64,5;6131,139
44,5;6131,139
44,5;6339,875
31,9;6339,875
31,9;7034,217
55,3;7034,217
55,3;7010,741
63,3;7010,741
63,3;7010,741
55,4;6277,356
55,4;6277,356
55,4;4866,473
46;4866,473
46;3161,113
34,1;3161,113
34,1;2878,12
28,7;2878,12
28,7;2878,12
33;4519,94
33;4519,94
33;5822,373
53,6;5822,373
53,6;6255,667
59;6255,667
59;5990,791
44,4;5990,791
44,4;5990,791
39,4;6335,792
39,4;6335,792
39,4;7361,356
35,4;7361,356
35,4;7798,988
66,8;7798,988
66,8;7301,645
51,9;7301,645
51,9;5866,519
37,1;5866,519
37,1;5866,519
32,6;4391,585
32,6;4391,585
32,6;4128,241
31,6;4128,241
31,6;4705,965
34,7;4705,965
34,7;5052,499
44,1;5052,499
44,1;5052,499
48,1;4613,59
48,1;4613,59
48,1;4350,246
40,3;4350,246
40,3;3903,684
41;3903,684
41;3453,803
36,5;3453,803
36,5;3453,803
35;3616,352
35;3616,352
35;3666,367
41;3666,367
41;3465,031
39,2;3465,031
39,2;2974,322
35,8;2974,322
35,8;2974,322
32,8;2776,559
32,8;2776,559
32,8;3933,284
30,2;3933,284
30,2;5698,355
40,9;5698,355
40,9;7428,213
59,8;7428,213
59,8;8250,144
69,4;8250,144
69,4;8250,144
55,9;8320,063
55,9;8320,063
55,9;7915,859
46,9;7915,859
46,9;7388,15
44,4;7388,15
44,4;7112,812
47,1;7112,812
47,1;7112,812
46,6;7107,963
46,6;7107,963
46,6;7218,201
48,5;7218,201
48,5;7145,219
47,6;7145,219
47,6;7014,313
45,4;7014,313
45,4;7014,313
45,5;7268,726
45,5;7268,726
45,5;7490,476
50,3;7490,476
50,3;7477,973
53,4;7477,973
53,4;7224,325
47,7;7224,325
47,7;7224,325
46,1;6996,706
46,1;6996,706
46,1;7258,264
44,9;7258,264
44,9;7688,751
55,7;7688,751
55,7;7842,624
55,1;7842,624
55,1;7842,624
47,2;7886,769
47,2;7886,769
47,2;7565,499
51,4;7565,499
51,4;6970,932
46,7;6970,932
46,7;4171,11
41,7;4171,11
41,7;4171,11
40,2;5652,679
40,2;5652,679
40,2;5656,762
39,6;5656,762
39,6;6167,119
42,8;6167,119
42,8;6551,164
45,5;6551,164
45,5;6551,164
48,9;6962,767
48,9;6962,767
48,9;7557,078
48,2;7557,078
48,2;7733,662
53,4;7733,662
53,4;7487,669
55,4;7487,669
55,4;7487,669
47,6;6900,758
47,6;6900,758
47,6;6492,728
40,7;6492,728
40,7;6535,853
39,5;6535,853
39,5;6633,331
48;6633,331
48;6633,331
48,2;6829,818
48,2;6829,818
48,2;7621,893
46,2;7621,893
46,2;8410,141
61,3;8410,141
61,3;8514,509
61,6;8514,509
61,6;8514,509
53,4;7663,743
53,4;7663,743
53,4;6208,714
35;6208,714
35;5376,83
34,6;5376,83
34,6;5607,768
40,3;5607,768
40,3;5607,768
43,6;6116,338
43,6;6116,338
43,6;6495,024
46,8;6495,024
46,8;6746,375
50;6746,375
50;6821,653
47,9;6821,653
47,9;6898,972
46,5;6898,972
46,5;6898,972
43,6;7268,216
43,6;7268,216
43,6;7736,468
47,6;7736,468
47,6;7882,941
51,9;7882,941
51,9;7355,231
48,2;7355,231
48,2;7355,231
43,2;6471,037
43,2;6471,037
43,2;6091,076
38,7;6091,076
38,7;6438,374
40,7;6438,374
40,7;7242,698
42,1;7242,698
42,1;7242,698
70,3;8289,441
70,3;8289,441
70,3;8618,367
68,2;8618,367
68,2;8205,232
61;8205,232
61;7214,628
41,8;7214,628
41,8;7214,628
41,8;5818,544
41,8;5818,544
34,9;5100,217
34,9;5100,217
34,9;5049,437
36,2;5049,437
36,2;5559,283
40,9;5559,283
40,9;6107,917
43,7;6107,917
43,7;6107,917
46,6;6573,109
46,6;6573,109
46,6;7076,322
49,3;7076,322
49,3;7877,838
52,6;7877,838
52,6;8423,41
60,5;8423,41
60,5;8423,41
61,3;8491,799
61,3;8491,799
61,3;8134,803
51,4;8134,803
51,4;7166,144
46,3;7166,144
46,3;5804,51
37,9;5804,51
37,9;5804,51
36,3;5004,014
36,3;5004,014
36,3;5019,07
39;5019,07
39;5482,474
42,2;5482,474
42,2;6116,338
45,3;6116,338
45,3;6976,546
46,9;6976,546
46,9;6976,546
53,9;7564,733
53,9;7564,733
53,9;7520,077
54;7520,077
54;7100,053
50,5;7100,053
50,5;6832,115
44,7;6832,115
44,7;6832,115
43,8;6664,973
43,8;6664,973
43,8;6556,267
43,2;6556,267
43,2;6505,997
45,4;6505,997
45,4;6471,803
46,7;6471,803
46,7;6471,803
46,5;6428,423
46,5;6428,423
46,5;6478,182
44,4;6478,182
44,4;6731,83
45,7;6731,83
45,7;7138,33
46,1;7138,33
46,1;7138,33
51,1;7468,786
51,1;7468,786
51,1;7608,37
56,3;7608,37
56,3;7560,396
52,5;7560,396
52,5;7218,966
46,5;7218,966
46,5;7218,966
42,1;6713,202
42,1;6713,202
42,1;6336,813
40,5;6336,813
40,5;6296,24
43,4;6296,24
43,4;6573,109
46,8;6573,109
46,8;6573,109
48,5;6966,85
48,5;6966,85
48,5;7210,801
50,5;7210,801
50,5;7254,182
49,7;7254,182
49,7;7107,708
48;7107,708
48;7107,708
46,6;6872,434
46,6;6872,434
46,6;6790,011
46,2;6790,011
46,2;6830,074
46,6;6830,074
46,6;6811,956
47,8;6811,956
47,8;6811,956
46,9;6829,308
46,9;6829,308
46,9;6704,016
46,8;6704,016
46,8;6532,025
47,7;6532,025
47,7;6497,831
44,4;6497,831
44,4;6497,831
46,5;6535,343
46,5;6535,343
46,5;6482,521
45,3;6482,521
45,3;6289,095
44,1;6289,095
44,1;6005,335
45,2;6005,335
45,2;6005,335
43,1;5804,766
43,1;5804,766
43,1;5923,168
41;5923,168
41;6921,428
42,9;6921,428
42,9;7707,889
53,6;7707,889
53,6;7707,889
65,8;7707,889
65,8;8047,787
65,8;7698,958
54,3;7698,958
54,3;7036,514
45,1;7036,514
45,1;6542,998
39,1;6542,998
39,1;6194,678
41,9;6194,678
41,9;6194,678
42,1;5734,846
42,1;5734,846
42,1;5233,42
40,5;5233,42
40,5;5056,07
38,6;5056,07
38,6;5282,415
38,7;5282,415
38,7;5282,415
42,1;5688,915
42,1;5688,915
42,1;6067,6
44,3;6067,6
44,3;6410,049
44,6;6410,049
44,6;6357,993
46,6;6357,993
46,6;6357,993
45,2;5992,577
45,2;5992,577
45,2;5849,932
39,4;5849,932
39,4;5723,363
39,7;5723,363
39,7;5779,758
42,3;5779,758
42,3;5779,758
44,2;5624,099
44,2;5624,099
38,7;5127,01
38,7;5127,01
38,7;4073,633
35;4073,633
35;2843,67
32;2843,67
32;1942,634
30,2;1942,634
30,2;1942,634
28,3;1283,252
28,3;1283,252
28,3;1371,544
28,2;1371,544
28,2;2556,594
29,1;2556,594
29,1;4049,901
37,4;4049,901
37,4;4049,901
42,4;4793,492
42,4;4793,492
42,4;4647,02
39,4;4647,02
39,4;3425,988
34,7;3425,988
34,7;2258,035
32,3;2258,035
32,3;2258,035
29,2;1762,988
29,2;1762,988
29,2;1922,475
28,7;1922,475
28,7;2127,638
29,3;2127,638
29,3;2829,381
30;2829,381
30;3733,224
35,7;3733,224
35,7;3733,224
39,6;4298,189
39,6;4298,189
39,6;4540,1
37,4;4540,1
37,4;4694,482
36,1;4694,482
36,1;4948,896
37,1;4948,896
37,1;4948,896
41;5465,888
41;5465,888
41;6106,897
53,3;6106,897
53,3;6867,585
57;6867,585
57;7338,645
55,4;7338,645
55,4;7338,645
51,5;7278,167
51,5;7278,167
51,5;6867,585
46,6;6867,585
46,6;6248,266
45,8;6248,266
45,8;6115,063
44,4;6115,063
44,4;6115,063
42,3;6160,485
42,3;6160,485
42,3;7285,568
60,7;7285,568
60,7;8037,325
74,1;8037,325
74,1;7943,674
87,3;7943,674
87,3;7943,674
84,9;7807,664
84,9;7807,664
84,9;7709,419
65,4;7709,419
65,4;7733,917
49,9;7733,917
49,9;7663,232
38,8;7663,232
38,8;7663,232
34;7800,774
34;7800,774
34;7205,442
34,6;7205,442
34,6;6689,215
39,8;6689,215
39,8;6663,187
42,2;6663,187
42,2;6663,187
49,2;6799,708
49,2;6799,708
49,2;6708,608
47,5;6708,608
47,5;6972,974
45,5;6972,974
45,5;7659,916
52,8;7659,916
52,8;7659,916
63,3;7982,972
63,3;7982,972
63,3;7751,014
57,3;7751,014
57,3;6996,195
49,7;6996,195
49,7;5804
36,8;5804
36,8;5804
39,6;5187,488
39,6;5187,488
39,6;5184,426
39,6;5184,426
41,5;5294,663
42,9;5294,663
42,9;5426,335
42,1;5426,335
42,1;5426,335
42,5;5522,793
42,5;5522,793
42,5;5734,846
43,8;5734,846
43,8;6593,523
48,1;6593,523
48,1;7575,961
66,9;7575,961
66,9;7575,961
58,9;8625,256
58,9;8625,256
58,9;9016,701
72,7;9016,701
72,7;9116,221
56;9116,221
56;9209,361
45,8;9209,361
45,8;8947,548
65;8947,548
65;8947,548
54,9;7691,303
54,9;7691,303
54,9;5762,916
40;5762,916
40;3711,023
32,6;3711,023
32,6;2973,046
29,8;2973,046
29,8;2973,046
33,4;3550,26
33,4;3550,26
33,4;4493,401
38,6;4493,401
38,6;5684,321
47,1;5684,321
47,1;6494,003
50,1;6494,003
50,1;6494,003
54,5;7125,826
54,5;7125,826
54,5;7403,206
51,5;7403,206
51,5;7890,342
48,8;7890,342
48,8;7706,868
56,3;7706,868
56,3;7311,852
46;7311,852
46;7311,852
42;6513,907
42;6513,907
42;6086,738
38,8;6086,738
38,8;6731,065
42,2;6731,065
42,2;7808,684
58,9;7808,684
58,9;7808,684
59;8433,873
59;8433,873
59;8309,855
48,3;8309,855
48,3;7039,066
38,9;7039,066
38,9;4875,149
30,9;4875,149
30,9;4875,149
35,3;4398,22
35,3;4398,22
35,3;4911,64
39,3;4911,64
39,3;6379,173
48,3;6379,173
48,3;7769,897
58,9;7769,897
58,9;7769,897
83,9;8371,099
83,9;8371,099
83,9;8224,116
60,7;8224,116
60,7;7118,681
39,5;7118,681
39,5;5332,939
34,3;5332,939
34,3;4756,236
34,5;4756,236
34,5;4756,236
36,6;5746,33
36,6;5746,33
36,6;7172,779
64;7172,779
64;7968,937
87,9;7968,937
87,9;7961,792
78,5;7961,792
78,5;7961,792
56,4;8027,117
56,4;8027,117
56,4;7311,086
43,8;7311,086
43,8;5728,978
38,4;5728,978
38,4;4968,29
34,3;4968,29
34,3;4968,29
42,6;5200,757
42,6;5200,757
42,6;5665,183
48;5665,183
48;6013,502
48,5;6013,502
48,5;6447,305
45,1;6447,305
45,1;6447,305
44,9;7532,326
44,9;7532,326
44,9;8339,456
72,2;8339,456
72,2;8448,418
75,1;8448,418
75,1;7725,751
44;7725,751
44;7725,751
36,9;6122,208
36,9;6122,208
36,9;4111,144
30,4;4111,144
30,4;3963,14
31,4;3963,14
31,4;5146,914
33,5;5146,914
33,5;5146,914
58,1;5725,405
58,1;5725,405
58,1;5717,494
44,8;5717,494
44,8;5218,109
38,6;5218,109
38,6;4097,108
35,7;4097,108
35,7;4097,108
32,6;3452,527
32,6;3452,527
32,6;3140,444
34,8;3140,444
34,8;3159,582
34,7;3159,582
34,7;3295,337
35,2;3295,337
35,2;3295,337
37,1;3435,685
37,1;3435,685
37,1;3431,857
34,7;3431,857
34,7;3683,464
39,8;3683,464
39,8;3483,404
39,9;3483,404
39,9;3483,404
36,1;2759,207
36,1;2759,207
36,1;2664,025
30,4;2664,025
30,4;3838,868
34,2;3838,868
34,2;5600,623
54,4;5600,623
54,4;5600,623
85,3;7358,804
85,3;7358,804
85,3;7974,295
84;7974,295
84;7691,557
53,6;7691,557
53,6;6971,442
45,2;6971,442
45,2;6971,442
46,1;6734,126
46,1;6734,126
46,1;6959,449
51;6959,449
51;7086,018
53;7086,018
53;7031,665
52,9;7031,665
52,9;7227,897
46,8;7227,897
46,8;7227,897
47,6;7475,677
47,6;7475,677
47,6;7491,242
54,1;7491,242
54,1;7016,609
47,8;7016,609
47,8;6433,271
41,4;6433,271
41,4;6433,271
40,2;5971,397
40,2;5971,397
40,2;5989,515
41,6;5989,515
41,6;6209,479
44,4;6209,479
44,4;6477,417
48,5;6477,417
48,5;6477,417
50,6;6767,811
50,6;6767,811
50,6;7246,271
50,8;7246,271
50,8;8226,923
49;8226,923
49;8454,798
61,2;8454,798
61,2;8176,908
51,2;8176,908
51,2;8176,908
43,4;7218,456
43,4;7218,456
43,4;5764,192
38,4;5764,192
38,4;4735,822
34,4;4735,822
34,4;4983,6
34,3;4983,6
34,3;4983,6
40,9;5884,892
40,9;5884,892
40,9;7009,465
44,8;7009,465
44,8;7739,276
61,7;7739,276
61,7;7880,39
60,5;7880,39
60,5;7880,39
55,9;7283,271
55,9;7283,271
55,9;6341,151
38,3;6341,151
38,3;5357,437
35,9;5357,437
35,9;5632,52
37,5;5632,52
37,5;5632,52
41,3;6819,356
41,3;6819,356
41,3;7714,778
65,6;7714,778
65,6;8319,553
63,1;8319,553
63,1;7987,82
46,7;7987,82
46,7;6892,848
40,6;6892,848
40,6;6892,848
35,4;5449,301
35,4;5449,301
35,4;4844,782
35,4;4844,782
35,4;5165,798
38,5;5165,798
38,5;5869,07
43,1;5869,07
43,1;5869,07
46,9;6572,087
46,9;6572,087
46,9;7151,599
53,3;7151,599
53,3;7578,258
56,1;7578,258
56,1;8216,205
51,4;8216,205
51,4;8216,205
60,5;8688,796
60,5;8688,796
60,5;8710,742
54,9;8710,742
54,9;8149,349
47,5;8149,349
47,5;7312,872
47,6;7312,872
47,6;7312,872
39,8;5650,382
39,8;5650,382
39,8;4329,322
34,4;4329,322
34,4;4328,3
31,6;4328,3
31,6;5050,967
33,8;5050,967
33,8;5050,967
42,7;5808,593
42,7;5808,593
42,7;6422,554
49,8;6422,554
49,8;6817,825
50,6;6817,825
50,6;7024,52
48,6;7024,52
48,6;7024,52
46,6;7138,075
46,6;7138,075
46,6;7121,488
45,1;7121,488
45,1;7244,995
45,4;7244,995
45,4;7935,253
46,4;7935,253
46,4;7935,253
62,3;8546,661
62,3;8546,661
62,3;8643,885
56,8;8643,885
56,8;8025,076
49,7;8025,076
49,7;7091,632
40,5;7091,632
40,5;7091,632
37,1;5790,985
37,1;5790,985
37,1;5218,875
36,6;5218,875
36,6;5382,189
39,3;5382,189
39,3;5728,212
43,3;5728,212
43,3;5728,212
44,8;6411,581
44,8;6411,581
44,8;7155,171
53,3;7155,171
53,3;7763,263
56,8;7763,263
56,8;7870,183
53;7870,183
53;7870,183
48,3;7635,673
48,3;7635,673
48,3;7198,808
47,3;7198,808
47,3;6632,82
42,3;6632,82
42,3;6311,806
42;6311,806
42;6311,806
40,7;6395,249
40,7;6395,249
40,7;6787,714
50,2;6787,714
50,2;7483,076
55,9;7483,076
55,9;7970,978
57,5;7970,978
57,5;8195,791
51;8195,791
51;8195,791
53,6;8141,438
53,6;8141,438
53,6;7552,23
51,5;7552,23
51,5;6607,558
44,5;6607,558
44,5;5956,086
37;5956,086
37;5956,086
36,6;5477,626
36,6;5477,626
36,6;5333,96
38,9;5333,96
38,9;5312,271
40,7;5312,271
40,7;5557,497
42;5557,497
42;5557,497
44,3;6104,346
44,3;6104,346
44,3;6818,846
49;6818,846
49;7638,735
47,7;7638,735
47,7;7948,522
56,5;7948,522
56,5;7834,203
47,9;7834,203
47,9;7834,203
42,9;7272,298
42,9;7272,298
42,9;6649,918
39,6;6649,918
39,6;6948,987
39,6;6948,987
39,6;7742,338
59,7;7742,338
59,7;7742,338
67,3;8304,242
67,3;8304,242
67,3;8330,27
58,3;8330,27
58,3;7686,454
44,3;7686,454
44,3;6540,701
36,7;6540,701
36,7;6540,701
33,5;5178,302
33,5;5178,302
33,5;4649,06
33,7;4649,06
33,7;4852,183
37,1;4852,183
37,1;5251,792
43,8;5251,792
43,8;5251,792
47;6099,752
47;6099,752
47;7025,286
54,5;7025,286
54,5;7420,303
54,7;7420,303
54,7;7563,713
54;7563,713
54;7144,199
52,3;7144,199
52,3;7144,199
46,7;6610,365
46,7;6610,365
46,7;6218,411
41;6218,411
41;5965,528
40,5;5965,528
40,5;5974,97
42,4;5974,97
42,4;5974,97
45,7;6130,629
45,7;6130,629
45,7;6611,896
47,4;6611,896
47,4;7129,398
52;7129,398
52;7249,333
48,8;7249,333
48,8;7249,333
45;6950,263
45;6950,263
45;6781,59
44,9;6781,59
44,9;6486,603
45,5;6486,603
45,5;6488,645
46,6;6488,645
46,6;6488,645
44;6392,697
44;6392,697
44;6229,383
45,5;6229,383
45,5;6013,756
42,2;6013,756
42,2;5871,112
44,2;5871,112
44,2;5871,112
42,8;5720,045
42,8;5720,045
42,8;5651,658
42,1;5651,658
42,1;5700,397
42,1;5700,397
42,1;5800,172
42,7;5800,172
42,7;5800,172
44,3;5798,386
44,3;5798,386
44,3;5657,782
46,3;5657,782
46,3;5350,037
43,8;5350,037
43,8;4732,759
40,5;4732,759
40,5;4732,759
35,1;3871,786
35,1;3871,786
35,1;2628,3
30,8;2628,3
30,8;1774,982
28,8;1774,982
28,8;887,2148
27,8;887,2148
27,8;887,2148
27,5;359,5047
27,5;359,5047
27,5;90,54615
26,9;90,54615
26,9;0
26,9;0
26,9;0
27,4;0
27,4;0
27,4;0
27,4;0
27,4;0
27,5;0
27,5;0
27,3;0
27,3;0
27,3;0
27,3;0
27,1;0
27,1;0
27,1;0
27,2;0
27,2;0
27,5;0
27,5;0
27,2;0
27,2;0
27,3;0
27,3;0
27,3;0
27,3;0
27,3;0
27,2;0
27,2;0
27,6;0
27,6;0
27,6;0
27,6;0
27,4;0
27,4;0
27,4;0
27,2;0
27,2;492,9634
27,2;492,9634
27,2;1323,57
29,8;1323,57
29,8;1323,57
31,9;1787,23
31,9;1787,23
31,9;1685,159
30,2;1685,159
30,2;1165,359
28,9;1165,359
28,9;689,7062
27,7;689,7062
27,7;689,7062
27,6;190,0659
27,6;190,0659
27,6;0
27,7;0
27,7;0
27,8;0
27,8;0
27,5;0
27,5;0
27,1;0
27,1;0
27,2;0
27,2;0
27,2;0
27,2;0
27,2;0
27,4;0
27,4;0
27,2;0
27,2;0
27,1;0
27,1;0
27,1;0
27,1;0
27,1;0
27,1;0
27,1;0
27,2;0
27,2;0
27,2;0
27,2;0
27,2;0
27,1;0
27,1;0
27,1;0
27,1;0
27,1;0
27,1;0
27,2;0
27,2;0
27,2;0
27,4;0
27,4;0
27,3;0
27,3;0
27,2;0
27,2;0
27,2;0
27,2;0
27,4;0
27,4;0
27,4;0
27,4;0
27,4;0
27,1;0
27,1;0
27,1;0
27,1;0
27,1;0
27,1;0
27,1;0
27,1;0
27,1;496,2804
27,3;496,2804
27,3;852,2551
28,4;852,2551
28,4;852,2551
29,6;660,3606
29,6;660,3606
29,6;326,842
27,8;326,842
27,8;11,69595
27,3;11,69595
27,3;0
27,3;0
27,3;0
27,4;0
27,4;0
27,4;0
27,6;0
27,6;0
27,3;0
27,3;207,9286
27,5;207,9286
27,5;207,9286
27,6;639,691
27,6;639,691
27,6;1169,953
29,3;1169,953
29,3;1565,99
30,4;1565,99
30,4;2081,962
30,6;2081,962
30,6;2081,962
31,4;2652,031
31,4;2652,031
31,4;2953,142
32,6;2953,142
32,6;3131,257
33,2;3131,257
33,2;3381,587
34,3;3381,587
34,3;3381,587
35,1;3749,555
35,1;3749,555
35,1;4310,694
35,4;4310,694
35,4;4620,225
39;4620,225
39;5067,809
40,5;5067,809
40,5;5067,809
48,1;5574,849
48,1;5574,849
48,1;6253,37
53,1;6253,37
53,1;6692,022
54,5;6692,022
54,5;6762,706
49,3;6762,706
49,3;6762,706
42,3;6457,512
42,3;6457,512
42,3;6161,25
41,1;6161,25
41,1;5850,698
43,1;5850,698
43,1;5892,547
45;5892,547
45;5892,547
45,8;6063,006
45,8;6063,006
45,8;6283,226
46,6;6283,226
46,6;6406,222
47,8;6406,222
47,8;6466,189
47,3;6466,189
47,3;6466,189
48,4;6487,369
48,4;6487,369
48,4;6395,759
48,2;6395,759
48,2;6201,313
43,8;6201,313
43,8;6049,482
41;6049,482
41;6040,551
43,3;6040,551
43,3;6040,551
45,5;6197,996
45,5;6197,996
45,5;6275,825
45,8;6275,825
45,8;6441,436
44,4;6441,436
44,4;6762,452
41,6;6762,452
41,6;6762,452
51,6;7027,582
51,6;7027,582
51,6;7018,141
48,1;7018,141
48,1;6994,919
47,9;6994,919
47,9;7109,75
47,6;7109,75
47,6;7109,75
44,5;7762,242
44,5;7762,242
44,5;8225,646
64,5;8225,646
64,5;7863,803
53,9;7863,803
53,9;7210,035
42,9;7210,035
42,9;6789,245
41,1;6789,245
41,1;6789,245
46;7251,63
46;7251,63
46;7822,464
59,5;7822,464
59,5;7768,366
52,5;7768,366
52,5;7199,317
46,6;7199,317
46,6;7199,317
42,3;6621,337
42,3;6621,337
42,3;6104,09
42,9;6104,09
42,9;5695,294
43,2;5695,294
43,2;5610,83
40,6;5610,83
40,6;5610,83
40,1;5394,182
40,1;5394,182
40,1;5287,518
39,5;5287,518
39,5;4957,317
42,6;4957,317
42,6;4534,741
41,6;4534,741
41,6;4534,741
42,1;4648,295
42,1;4648,295
42,1;4961,399
47,4;4961,399
47,4;4835,086
43,1;4835,086
43,1;4644,467
40,2;4644,467
40,2;5117,824
39,5;5117,824
39,5;5117,824
44,3;6078,827
44,3;6078,827
44,3;7120,723
68,1;7120,723
68,1;7644,094
57,2;7644,094
57,2;7856,914
55,7;7856,914
55,7;7856,914
55,5;8221,819
55,5;8221,819
55,5;8508,641
61,5;8508,641
61,5;8407,845
58,5;8407,845
58,5;8098,823
47,5;8098,823
47,5;8098,823
45,7;7695,896
45,7;7695,896
45,7;7505,532
46,8;7505,532
46,8;7845,175
49,3;7845,175
49,3;8251,93
65;8251,93
65;8251,93
60,4;8497,412
60,4;8497,412
60,4;8072,029
54,4;8072,029
54,4;6882,13
37,2;6882,13
37,2;5627,161
35,4;5627,161
35,4;5627,161
38,6;5140,535
38,6;5140,535
38,6;5436,797
42;5436,797
42;5958,128
47;5958,128
47;6620,827
47,5;6620,827
47,5;6620,827
49,3;7560,14
49,3;7560,14
49,3;8091,423
62,8;8091,423
62,8;7957,454
56,1;7957,454
56,1;7200,083
51,6;7200,083
51,6;7200,083
40,2;6287,053
40,2;6287,053
40,2;5582,249
36,6;5582,249
36,6;5652,423
40,6;5652,423
40,6;5957,107
45,5;5957,107
45,5;5957,107
48,5;6237,549
48,5;6237,549
48,5;6652,47
46,7;6652,47
46,7;7259,54
51;7259,54
51;7617,556
53;7617,556
53;7617,556
50;7909,736
50;7909,736
50;7830,629
53,2;7830,629
53,2;7364,163
44,3;7364,163
44,3;6756,327
41,2;6756,327
41,2;6756,327
38,8;6161,505
38,8;6161,505
38,8;6002,273
41,2;6002,273
41,2;6163,547
43,6;6163,547
43,6;6451,644
48,4;6451,644
48,4;6451,644
49,2;6689,726
49,2;6689,726
49,2;6870,902
47,5;6870,902
47,5;6938,014
47,3;6938,014
47,3;6930,87
47,5;6930,87
47,5;6936,228
46,6;6936,228
46,6;6936,228
47,2;7138,33
47,2;7138,33
47,2;7530,54
53,1;7530,54
53,1;7682,116
46,9;7682,116
46,9;8066,16
58,9;8066,16
58,9;8066,16
67,5;8618,367
67,5;8618,367
67,5;8621,174
56;8621,174
56;7992,158
48,4;7992,158
48,4;6848,702
37,7;6848,702
37,7;6848,702
33,8;5453,895
33,8;5453,895
33,8;5141,3
34,3;5141,3
34,3;5800,428
40,1;5800,428
40,1;6492,982
51,4;6492,982
51,4;7054,121
49;7054,121
49;7054,121
46;7383,556
46;7383,556
46;7333,286
49,4;7333,286
49,4;7157,723
46,2;7157,723
46,2;6983,947
47,5;6983,947
47,5;6983,947
46;6712,691
46;6712,691
46;6497,065
42,9;6497,065
42,9;6517,479
41,9;6517,479
41,9;6907,648
52,2;6907,648
52,2;6907,648
53,6;7299,603
53,6;7299,603
53,6;7238,615
48,5;7238,615
48,5;6833,136
42,2;6833,136
42,2;6558,564
40,6;6558,564
40,6;6558,564
40,7;6815,528
40,7;6815,528
40,7;7826,037
68,4;7826,037
68,4;8650,009
68,1;8650,009
68,1;8925,602
54,4;8925,602
54,4;8444,335
47,7;8444,335
47,7;8444,335
37,6;7211,056
37,6;7211,056
37,6;5739,695
35,3;5739,695
35,3;4753,939
33,8;4753,939
33,8;4744,753
40,5;4744,753
40,5;4744,753
42,9;5369,431
42,9;5369,431
42,9;6065,813
49,4;6065,813
49,4;6897,186
48,7;6897,186
48,7;7769,387
55,7;7769,387
55,7;7769,387
60,4;7981,44
60,4;7981,44
60,4;7723,2
50;7723,2
50;6807,108
42,2;6807,108
42,2;6081,634
38,1;6081,634
38,1;6081,634
38,5;5807,062
38,5;5807,062
38,5;5851,974
44,2;5851,974
44,2;6668,291
51,2;6668,291
51,2;7731,621
63,7;7731,621
63,7;7731,621
59,4;8275,151
59,4;8275,151
59,4;8232,536
51,1;8232,536
51,1;7647,667
47,2;7647,667
47,2;6908,414
42,6;6908,414
42,6;6908,414
40,8;6285,522
40,8;6285,522
40,8;6004,315
40,3;6004,315
40,3;6055,606
40,7;6055,606
40,7;6298,281
45,3;6298,281
45,3;6298,281
47,2;6425,105
47,2;6425,105
47,2;6383,766
48,9;6383,766
48,9;6263,577
46,4;6263,577
46,4;6190,085
44,5;6190,085
44,5;6190,085
44,9;6239,845
44,9;6239,845
44,9;6339,875
45,5;6339,875
45,5;7089,081
56,7;7089,081
56,7;7772,959
90,3;7772,959
90,3;7772,959
79,8;7844,92
79,8;7844,92
79,8;7623,935
69;7623,935
69;7332,521
57,8;7332,521
57,8;7296,286
42,7;7296,286
42,7;7296,286
47,7;7283,782
47,7;7283,782
47,7;7365,439
44,4;7365,439
44,4;7570,858
39,9;7570,858
39,9;7141,902
37,4;7141,902
37,4;7141,902
37,2;6253,37
37,2;6253,37
37,2;5736,888
38,1;5736,888
38,1;5471,247
40,7;5471,247
40,7;5553,414
41,9;5553,414
41,9;6235,763
49,6;6235,763
49,6;6235,763
51;6858,909
51;6858,909
51;7051,825
50,1;7051,825
50,1;6933,932
49,4;6933,932
49,4;6619,296
47,2;6619,296
47,2;6619,296
42,6;6628,227
42,6;6628,227
42,6;6784,907
47;6784,907
47;6683,091
47,2;6683,091
47,2;6484,817
47;6484,817
47;6484,817
45;6253,37
45;6253,37
45;6138,284
44,8;6138,284
44,8;5997,936
43,9;5997,936
43,9;5613,637
41,6;5613,637
41,6;4550,562
36,6;4550,562
36,6;4550,562
31,9;3007,24
31,9;3007,24
31,9;1582,067
30;1582,067
30;621,5732
28;621,5732
28;176,0312
27,5;176,0312
27,5;176,0312
27,2;0
27,2;0
27,2;0
27,4;0
27,4;0
27,6;0
27,6;0
27,6;0
27,6;0
27,4;0
27,4;0
27,4;0
26,9;0
26,9;0
27,5;0
27,5;0
27,4;0
27,4;0
27,5;0
27,5;0
27,5;0
27,3;0
27,3;0
27,3;0
27,3;0
27,2;0
27,2;0
27,3;0
27,3;0
27,5;0
27,5;0
27,5;0
27,4;0
27,4;0
27,4;0
27,4;0
27,3;0
27,3;0
27,3;0
27,3;0
27,3;0
27,6;0
27,6;0
27,6;0
27,6;0
27,4;0
27,4;0
27,3;0
27,3;0
27,3;0
27,1;0
27,1;0
27,3;0
27,3;0
27,8;0
27,8;0
27,7;0
27,7;0
27,7;0
27,6;0
27,6;0
27,4;0
27,4;0
27,6;0
27,6;0
27,6;0
27,6;0
27,6;0
27,6;0
27,6;0
27,6;0
27,6;0
27,5;0
27,5;0
27,6;0
27,6;0
27,6;0
27,6;0
27,6;0
27,7;0
27,7;0
27,7;0
27,7;0
27,6;0
27,6;0
27,6;0
27,5;0
27,5;0
27,6;0
27,6;0
27,6;0
27,6;0
27,8;0
27,8;0
27,8;0
27,7;0
27,7;0
27,6;0
27,6;0
27,6;0
27,6;0
27,7;0
27,7;0
27,7;0
28;0
28;452,6451
28,5;452,6451
28,5;1136,269
29,1;1136,269
29,1;1136,269
29,3;841,0272
29,3;841,0272
29,3;337,3042
28,5;337,3042
28,5;21,39279
28;21,39279
28;0
27,8;0
27,8;0
27,7;0
27,7;0
27,7;0
27,6;0
27,6;0
27,5;0
27,5;0
27,7;0
27,7;0
28;0
28;0
27,9;0
27,9;0
27,9;0
27,6;0
27,6;0
27,6;0
27,6;0
27,6;0
27,6;0
27,7;0
27,7;0
27,7;0
27,8;0
27,8;0
27,7;0
27,7;0
27,6;0
27,6;0
27,6;0
27,6;0
27,6;0
27,6;0
27,6;0
27,8;0
27,8;0
27,7;0
27,7;0
27,6;0
27,6;0
27,6;0
27,6;0
27,6;0
27,6;0
27,6;0
27,8;0
27,8;0
27,8;0
27,8;0
27,6;0
27,6;0
27,6;0
27,6;0
27,6;0
27,6;0
27,6;0
27,7;0
27,7;0
27,8;0
27,8;0
27,8;0
27,8;0
27,8;0
27,6;0
27,6;0
27,6;0
27,6;0
27,6;0
27,6;0
27,6;0
27,7;0
27,7;0
27,9;0
27,9;32,8761
27,9;32,8761
27,9;509,8049
27,8;509,8049
27,8;509,8049
28;932,126
28;932,126
28;1010,976
28,7;1010,976
28,7;675,6711
28,8;675,6711
28,8;358,7394
28,3;358,7394
28,3;358,7394
27,6;96,92594
27,6;96,92594
27,6;1,488922
27,4;1,488922
27,4;0
27,3;0
27,3;0
27,6;0
27,6;0
27,6;0
27,6;0
27,6;0
27,5;0
27,5;137,7545
27,4;137,7545
27,4;406,9681
27,6;406,9681
27,6;406,9681
28,2;773,915
28,2;773,915
28,2;1038,025
29,2;1038,025
29,2;1342,964
29,5;1342,964
29,5;1421,049
29,2;1421,049
29,2;1421,049
28,5;1343,219
28,5;1343,219
28,5;1590,743
29,3;1590,743
29,3;2415,48
34,9;2415,48
34,9;3909,042
43,2;3909,042
43,2;3909,042
52,2;5141,811
52,2;5141,811
52,2;6394,739
55,2;6394,739
55,2;7062,796
55,8;7062,796
55,8;7123,529
52,2;7123,529
52,2;7123,529
50,3;6875,241
50,3;6875,241
50,3;6463,892
47;6463,892
47;6181,665
42,4;6181,665
42,4;6057,393
41,9;6057,393
41,9;6057,393
42;5916,023
42;5916,023
42;5801,448
43,1;5801,448
43,1;5666,458
43,4;5666,458
43,4;5315,077
41,8;5315,077
41,8;5315,077
37,3;4761,339
37,3;4761,339
37,3;4294,106
34,9;4294,106
34,9;3979,981
33,8;3979,981
33,8;4090,729
36,9;4090,729
36,9;4090,729
36,9;4133,344
36,9;4133,344
36,9;4318,859
36,6;4318,859
36,6;4477,325
36,4;4477,325
36,4;4586,287
37,7;4586,287
37,7;4586,287
37,4;4545,968
37,4;4545,968
37,4;4332,128
37,1;4332,128
37,1;4578,121
39,2;4578,121
39,2;5360,754
42,9;5360,754
42,9;5893,312
46,6;5893,312
46,6;5893,312
46,1;6171,968
46,1;6171,968
46,1;6315,378
49,4;6315,378
49,4;6401,118
49,6;6401,118
49,6;6393,718
47,7;6393,718
47,7;6393,718
45,9;6420,002
45,9;6420,002
45,9;6190,851
44,6;6190,851
44,6;5651,658
40,5;5651,658
40,5;5149,211
39,6;5149,211
39,6;5149,211
37,6;4652,888
37,6;4652,888
37,6;4397,964
35,6;4397,964
35,6;4109,357
33,8;4109,357
33,8;3951,146
34,1;3951,146
34,1;3726,078
34,9;3726,078
34,9;3726,078
37;3880,207
37;3880,207
37;3229,501
36;3229,501
36;2984,784
32;2984,784
32;3885,82
34,4;3885,82
34,4;3885,82
78,1;5493,703
78,1;5493,703
78,1;7109,239
92,6;7109,239
92,6;7661,702
75,6;7661,702
75,6;7265,665
51,6;7265,665
51,6;7265,665
38,8;5681,003
38,8;5681,003
38,8;4222,912
31,4;4222,912
31,4;4394,647
45;4394,647
45;5164,266
49,3;5164,266
49,3;5164,266
54,2;5959,914
54,2;5959,914
54,2;6515,693
50,5;6515,693
50,5;6775,466
48,1;6775,466
48,1;7075,556
47,9;7075,556
47,9;7416,22
48,9;7416,22
48,9;7416,22
56,7;7616,025
56,7;7616,025
56,7;7346,811
54,8;7346,811
54,8;6824,205
44,6;6824,205
44,6;6132,67
38,3;6132,67
38,3;6132,67
41,8;5996,404
41,8;5996,404
41,8;5949,452
45,5;5949,452
45,5;6320,227
49,1;6320,227
49,1;6820,887
49,2;6820,887
49,2;6820,887
54,4;7363,397
54,4;7363,397
54,4;7608,625
51,7;7608,625
51,7;7812,001
51;7812,001
51;8237,64
62,7;8237,64
62,7;8237,64
62,7;8659,195
62,7;8659,195
62,7;8326,953
47,9;8326,953
47,9;7228,408
39;7228,408
39;5618,995
34,9;5618,995
34,9;5618,995
34,1;4805,485
34,1;4805,485
34,1;4850,141
38,2;4850,141
38,2;5511,055
41;5511,055
41;6492,982
50,8;6492,982
50,8;6492,982
51;7048,762
51;7048,762
51;7258,264
48,7;7258,264
48,7;6947,966
45,8;6947,966
45,8;6884,172
44,5;6884,172
44,5;6884,172
50,9;7262,091
50,9;7262,091
50,9;7813,277
55,1;7813,277
55,1;7625,211
52,7;7625,211
52,7;6932,656
41,8;6932,656
41,8;6932,656
37,4;6007,123
37,4;6007,123
37,4;5570,766
38,4;5570,766
38,4;6031,875
42,3;6031,875
42,3;6661,655
48,1;6661,655
48,1;6661,655
54,9;7970,468
54,9;7970,468
54,9;8702,831
61,6;8702,831
61,6;8594,891
59,4;8594,891
59,4;7823,485
44,3;7823,485
44,3;7823,485
39;6441,182
39;6441,182
39;5453,384
35,3;5453,384
35,3;5347,995
36,6;5347,995
36,6;6010,694
44,8;6010,694
44,8;6010,694
57,1;6963,787
57,1;6963,787
57,1;7821,188
54,5;7821,188
54,5;8504,302
67,2;8504,302
67,2;8842,669
59,9;8842,669
59,9;8696,451
56,9;8696,451
56,9;8696,451
43,2;7931,426
43,2;7931,426
43,2;6340,641
34,6;6340,641
34,6;4553,623
31,5;4553,623
31,5;3754,914
31,3;3754,914
31,3;3754,914
34,5;4012,134
34,5;4012,134
34,5;4572,507
40,2;4572,507
40,2;5423,783
45,2;5423,783
45,2;5939,5
47,9;5939,5
47,9;5939,5
48,3;7078,618
48,3;7078,618
48,3;7985,779
66,1;7985,779
66,1;8776,833
70,7;8776,833
70,7;8686,5
63,9;8686,5
63,9;8616,836
47,1;8616,836
47,1;8616,836
40,2;7655,577
40,2;7655,577
40,2;6101,028
33,9;6101,028
33,9;4933,585
33,8;4933,585
33,8;4776,395
34,9;4776,395
34,9;4776,395
39,7;5016,518
39,7;5016,518
39,7;5424,039
42,5;5424,039
42,5;5960,935
43,2;5960,935
43,2;6446,795
46,5;6446,795
46,5;6446,795
46,8;6720,347
46,8;6720,347
46,8;6900,248
48,5;6900,248
48,5;7007,168
47,5;7007,168
47,5;7087,293
48,1;7087,293
48,1;7087,293
46,3;7569,837
46,3;7569,837
46,3;8125,872
63,8;8125,872
63,8;8443,824
58,2;8443,824
58,2;8177,163
49,4;8177,163
49,4;7356,763
43;7356,763
43;7356,763
37,1;6299,812
37,1;6299,812
37,1;5531,724
36,2;5531,724
36,2;5191,315
37,9;5191,315
37,9;5326,56
41,8;5326,56
41,8;5326,56
47,6;5733,57
47,6;5733,57
47,6;6208,714
47,5;6208,714
47,5;6358,248
44,8;6358,248
44,8;6411,835
44,1;6411,835
44,1;6411,835
44,6;6341,661
44,6;6341,661
44,6;6153,34
44,4;6153,34
44,4;6052,544
46,3;6052,544
46,3;6058,923
43,1;6058,923
43,1;6058,923
44,1;5975,99
44,1;5975,99
44,1;5855,036
42,1;5855,036
42,1;5790,731
41,5;5790,731
41,5;5699,122
44,4;5699,122
44,4;5699,122
42,6;5676,156
42,6;5676,156
42,6;5712,9
40,7;5712,9
40,7;5699,377
41,2;5699,377
41,2;5746,33
41,5;5746,33
41,5;5746,33
45,5;5823,394
45,5;5823,394
45,5;6222,238
44,6;6222,238
44,6;6897,441
57,6;6897,441
57,6;7299,857
53,8;7299,857
53,8;7299,857
51,9;7434,337
51,9;7434,337
51,9;7127,357
48;7127,357
48;6519,011
43,3;6519,011
43,3;5524,834
38,7;5524,834
38,7;5524,834
33;4239,499
33;4239,499
33;2629,575
29,7;2629,575
29,7;1456,263
28;1456,263
28;576,4069
27,9;576,4069
27,9;576,4069
27,9;65,53876
27,9;65,53876
27,9;0
27,4;0
27,4;0
27,4;0
27,4;0
27,5;0
27,5;0
27,5;0
27,5;0
27,5;0
27,6;0
27,6;0
27,6;0
27,6;0
27,5;0
27,5;0
27,4;0
27,4;0
27,4;0
27,6;0
27,6;0
27,6;0
27,6;0
27,6;0
27,6;0
27,6;0
27,6;0
27,5;0
27,5;0
27,5;0
27,5;0
27,5;0
27,6;0
27,6;0
28,2;0
28,2;0
28,1;200,7835
28,1;200,7835
28,1;650,1536
28,2;650,1536
28,2;983,162
28,4;983,162
28,4;1196,236
29,3;1196,236
29,3;1196,236
29,3;990,8173
29,3;990,8173
29,3;725,9414
28,6;725,9414
28,6;1141,628
28,8;1141,628
28,8;2007,194
30,8;2007,194
30,8;2856,684
34,3;2856,684
34,3;2856,684
34,1;2894,706
34,1;2894,706
34,1;2059,506
31,2;2059,506
31,2;1469,532
29,8;1469,532
29,8;1005,107
28;1005,107
28;1005,107
27,7;428,9135
27,7;428,9135
27,7;110,4504
27,5;110,4504
27,5;35,42786
27,6;35,42786
27,6;239,0603
28,1;239,0603
28,1;239,0603
28,2;237,5293
28,2;237,5293
28,2;0
27,5;0
27,5;0
27,4;0
27,4;0
27,5;0
27,5;0
27,6;0
27,6;0
27,6;0
27,6;0
27,6;0
27,4;0
27,4;0
27,3;0
27,3;0
27,5;0
27,5;0
27,6;0
27,6;0
27,6;0
27,5;0
27,5;0
27,5;0
27,5;0
27,5;0
27,5;0
27,2;0
27,2;0
27,2;0
27,5;0
27,5;0
27,5;0
27,5;0
27,2;0
27,2;0
27,3;0
27,3;0
27,3;0
27,4;0
27,4;0
27,6;0
27,6;0
27,6;0
27,6;0
27,6;0
27,6;0
27,6;0
27,2;0
27,2;673,3749
27,4;673,3749
27,4;1790,802
28,5;1790,802
28,5;1790,802
33,2;2753,848
33,2;2753,848
33,2;3570,42
37,1;3570,42
37,1;4182,849
39,5;4182,849
39,5;4684,786
40,1;4684,786
40,1;4898,88
40,2;4898,88
40,2;4898,88
40,2;5021,622
40,9;5021,622
40,9;5095,879
43,3;5095,879
43,3;5202,799
44,2;5202,799
44,2;5202,799
44,4;5159,928
44,4;5159,928
44,4;4967,778
39,3;4967,778
39,3;4946,854
41,6;4946,854
41,6;4854,479
41,4;4854,479
41,4;4729,442
41,4;4729,442
41,4;4729,442
41,4;4725,104
41,9;4725,104
41,9;4906,791
41,6;4906,791
41,6;5023,918
43,4;5023,918
43,4;5026,47
42,2;5026,47
42,2;5026,47
42,2;4845,548
41,6;4845,548
41,6;3853,158
36,7;3853,158
36,7;2595,637
30,7;2595,637
30,7;2595,637
28,4;1494,03
28,4;1494,03
27,6;696,5958
27,6;696,5958
27,6;172,2036
27,5;172,2036
27,5;0
27,6;0
27,6;0
27,6;0
27,6;0
27,6;0
27,6;0
27,6;0
27,7;0
27,7;444,9898
28,7;444,9898
28,7;1042,619
30;1042,619
30;1042,619
32,2;1759,416
32,2;1759,416
32,2;2298,864
33,2;2298,864
33,2;2575,478
33,1;2575,478
33,1;2659,431
32,6;2659,431
32,6;2659,431
32,2;2475,447
32,2;2475,447
32,2;1815,555
29,9;1815,555
29,9;991,3275
28,5;991,3275
28,5;670,5676
28;670,5676
28;670,5676
27,6;290,8615
27,6;290,8615
27,6;36,95884
27,6;36,95884
27,6;0
27,7;0
27,7;0
27,9;0
27,9;0
27,9;0
27,9;0
27,5;0
27,5;0
27,5;0
27,5;0
27,5;0
27,5;0
27,5;0
27,8;0
27,8;0
27,6;0
27,6;0
27,6;0
27,5;0
27,5;0
27,3;0
27,3;0
27,4;0
27,4;0
27,8;0
27,8;0
27,8;0
27,6;0
27,6;0
27,5;0
27,5;0
27,4;0
27,4;0
27,6;0
27,6;0
27,6;0
27,6;0
27,6;0
27,6;0
27,6;0
27,6;0
27,6;0
27,3;0
27,3;0
27,2;0
27,2;0
27,2;0
27,3;0
27,3;548,5923
29,9;548,5923
29,9;542,468
29,3;542,468
29,3;542,468
28,2;329,6489
28,2;329,6489
28,2;55,84192
27,6;55,84192
27,6;0
27,5;0
27,5;0
27,6;0
27,6;0
27,9;0
27,9;0
27,9;0
27,7;0
27,7;0
27,6;0
27,6;93,0983
27,6;93,0983
27,6;93,0983
27,6;85,69773
27,6;85,69773
27,6;182,9212
28,1;182,9212
28,1;0
28,1;0
28,1;230,1291
28,2;230,1291
28,2;230,1291
30,1;1124,276
30,1;1124,276
30,1;2173,826
35,1;2173,826
35,1;3221,335
38,1;3221,335
38,1;3615,842
38,5;3615,842
38,5;3251,957
34,4;3251,957
34,4;3251,957
32,6;3132,788
32,6;3132,788
32,6;3220,315
31,7;3220,315
31,7;3189,693
32,7;3189,693
32,7;3208,831
33,6;3208,831
33,6;3208,831
37,7;4231,333
37,7;4231,333
37,7;4810,844
44,4;4810,844
44,4;4829,217
39,3;4829,217
39,3;5061,174
41,2;5061,174
41,2;5061,174
41,2;5613,637
48,3;5613,637
48,3;6692,533
56,1;6692,533
56,1;7221,008
58,1;7221,008
58,1;7253,415
53,3;7253,415
53,3;7253,415
47,6;7053,101
47,6;7053,101
47,6;6318,186
44,4;6318,186
44,4;6154,616
43,2;6154,616
43,2;6154,616
45,2;5967,059
45,2;5967,059
46;5747,605
46;5747,605
46;5887,698
45,4;5887,698
45,4;5903,009
45,1;5903,009
45,1;5903,009
44,5;5951,493
44,5;5951,493
51,3;5958,383
51,3;5958,383
51,3;6117,359
54,4;6117,359
54,4;6513,397
54,5;6513,397
54,5;6886,468
53,2;6886,468
53,2;6886,468
51,1;6930,104
51,1;6930,104
51,1;6689,215
44,6;6689,215
44,6;6391,421
45,3;6391,421
45,3;5989,259
44,4;5989,259
44,4;5989,259
41,9;5569,746
41,9;5569,746
41,9;5336,257
39,4;5336,257
39,4;5635,327
40,2;5635,327
40,2;6320,481
53;6320,481
53;6320,481
50,3;6307,212
50,3;6307,212
50,3;5952,003
43;5952,003
43;5598,836
38,2;5598,836
38,2;5343,402
39,2;5343,402
39,2;5448,28
41;5448,28
41;5448,28
45,9;5594,498
45,9;5594,498
45,9;5550,862
45,9;5550,862
45,9;5756,281
43;5756,281
43;6096,179
49,7;6096,179
49,7;6096,179
43,8;6034,936
43,8;6034,936
43,8;5802,724
41,2;5802,724
41,2;5339,574
39,8;5339,574
39,8;4393,116
39,3;4393,116
39,3;4393,116
32,7;3388,732
32,7;3388,732
32,7;2548,173
29,5;2548,173
29,5;1757,374
29,5;1757,374
29,5;1871,439
32,1;1871,439
32,1;1871,439
42,1;2991,929
42,1;2991,929
42,1;4566,638
52,8;4566,638
52,8;5891,782
58,7;5891,782
58,7;6550,143
50,8;6550,143
50,8;6550,143
50,2;6776,997
50,2;6776,997
52,8;7028,603
52,8;7028,603
52,8;7281,23
53,1;7281,23
53,1;7404,737
51,3;7404,737
51,3;7542,278
51,8;7542,278
51,8;7542,278
51,9;7821,698
51,9;7821,698
51,9;7948,268
53,6;7948,268
53,6;7619,597
52,2;7619,597
52,2;7185,028
46,7;7185,028
46,7;7185,028
42,5;6801,494
42,5;6801,494
42,5;7106,433
44,4;7106,433
44,4;7757,394
59,8;7757,394
59,8;7914,328
55,8;7914,328
55,8;7658,895
49,2;7658,895
49,2;7658,895
41,3;6901,014
41,3;6901,014
41,3;6285,267
39,2;6285,267
39,2;5630,733
37,3;5630,733
37,3;5584,291
39,9;5584,291
39,9;5584,291
43,7;5697,335
43,7;5697,335
43,7;5900,713
45,3;5900,713
45,3;6142,112
46,2;6142,112
46,2;6271,743
46,8;6271,743
46,8;6271,743
49,1;6568,516
49,1;6568,516
49,1;6773,935
50,3;6773,935
50,3;6665,229
48,4;6665,229
48,4;6665,229
44,4;6597,606
44,4;6597,606
44,6;6518,5
44,6;6518,5
44,6;6434,037
43,9;6434,037
43,9;6351,104
44,6;6351,104
44,6;6410,56
47,9;6410,56
47,9;6410,56
47,9;6881,365
53;6881,365
53;7794,139
65,1;7794,139
65,1;8441,018
61,2;8441,018
61,2;8205,743
52,6;8205,743
52,6;8205,743
52,6;7321,293
40,7;7321,293
40,7;5611,085
34,9;5611,085
34,9;4530,147
34,6;4530,147
34,6;4631,708
37,5;4631,708
37,5;4631,708
37,5;5280,373
40,7;5280,373
40,7;6335,538
49,4;6335,538
49,4;7275,616
60,6;7275,616
60,6;7666,295
54,7;7666,295
54,7;7666,295
54,7;7427,703
49,9;7427,703
49,9;6995,175
43,1;6995,175
43,1;6659,359
39,1;6659,359
39,1;6835,177
51,1;6835,177
51,1;6835,177
58,4;7282,251
58,4;7282,251
58,4;7653,791
53,4;7653,791
53,4;7469,552
45,6;7469,552
45,6;6839,005
41,7;6839,005
41,7;6839,005
37,7;6069,13
37,7;6069,13
37,7;5644,003
41;5644,003
41;5573,828
43,8;5573,828
43,8;5796,344
45,2;5796,344
45,2;5796,344
46,4;6175,795
46,4;6175,795
46,4;6692,788
52,5;6692,788
52,5;7266,685
54,4;7266,685
54,4;7424,896
53,5;7424,896
53,5;7201,104
51,9;7201,104
51,9;7201,104
44;6634,096
44;6634,096
44;6317,419
40,7;6317,419
40,7;5837,684
41,8;5837,684
41,8;5768,785
42,3;5768,785
42,3;5768,785
44,7;5806,551
44,7;5806,551
44,7;6327,371
50,9;6327,371
50,9;7178,393
58,9;7178,393
58,9;7853,086
55,8;7853,086
55,8;7853,086
54,6;8138,121
54,6;8138,121
54,6;7562,437
47,6;7562,437
47,6;6405,966
42,9;6405,966
42,9;5057,092
38,3;5057,092
38,3;5057,092
34,9;4615,122
34,9;4615,122
34,9;4478,346
36,9;4478,346
36,9;4965,738
39,6;4965,738
39,6;5624,354
46;5624,354
46;4618,695
50,8;4618,695
50,8;4618,695
55;6967,104
55;6967,104
55;7364,673
48,4;7364,673
48,4;7553,506
52,2;7553,506
52,2;7696,661
56,2;7696,661
56,2;7696,661
52,1;7587,189
52,1;7587,189
52,1;7386,363
46,3;7386,363
46,3;7325,631
45,9;7325,631
45,9;7143,434
44,3;7143,434
44,3;7143,434
42;6502,169
42;6502,169
42;5982,625
40,4;5982,625
40,4;5510,289
41;5510,289
41;5269,656
40,8;5269,656
40,8;5269,656
43,9;5374,534
43,9;5374,534
48;5844,573
48;5844,573
48;6402,649
52,5;6402,649
52,5;6721,112
54,9;6721,112
54,9;6721,112
53,3;6766,79
53,3;6766,79
53,3;6732,341
48,5;6732,341
48,5;6477,927
45,7;6477,927
45,7;6095,669
43,2;6095,669
43,2;6095,669
42,7;5852,994
42,7;5852,994
45,4;5677,941
45,4;5677,941
45,4;5812,421
46,1;5812,421
46,1;6020,901
48,1;6020,901
48,1;6020,901
47,7;6300,067
47,7;6300,067
49,9;6466,699
49,9;6466,699
49,9;6541,722
48,8;6541,722
48,8;6276,336
45,3;6276,336
45,3;6276,336
43,1;6051,013
43,1;6051,013
42,7;5939,245
42,7;5939,245
42,7;5858,098
43,8;5858,098
43,8;5920,617
46;5920,617
46;5993,853
46,9;5993,853
46,9;5993,853
45;6041,571
45;6041,571
45;5875,96
43,6;5875,96
43,6;5736,888
41,6;5736,888
41,6;5505,696
41,1;5505,696
41,1;5505,696
42,1;5344,423
42,1;5344,423
42,1;5102,258
43,1;5102,258
43,1;5074,698
42;5074,698
42;5001,462
39,9;5001,462
39,9;5001,462
39,9;4938,943
38,6;4938,943
38,6;4822,072
37,9;4822,072
37,9;4799,871
39,9;4799,871
39,9;4985,896
41,6;4985,896
41,6;4985,896
38,8;4854,479
38,8;4854,479
38,8;4572,507
37,2;4572,507
37,2;4676,875
35,8;4676,875
35,8;5192,081
61,3;5192,081
61,3;5192,081
65,3;6195,189
65,3;6195,189
65,3;6662,932
56,7;6662,932
56,7;6479,203
43,2;6479,203
43,2;5975,48
41;5975,48
41;5975,48
41,4;5532,745
41,4;5532,745
41,4;5350,547
43,7;5350,547
43,7;5338,554
43,2;5338,554
43,2;5323,498
40,9;5323,498
40,9;5252,304
40,4;5252,304
40,4;5252,304
42,6;5531,469
42,6;5531,469
42,6;5785,116
44,1;5785,116
44,1;6419,491
65,5;6419,491
65,5;7445,82
64,4;7445,82
64,4;7445,82
84;8021,503
84;8021,503
84;7999,048
103,4;7999,048
103,4;7558,099
83,8;7558,099
83,8;7678,798
70;7678,798
70;7678,798
55,5;7445,31
55,5;7445,31
55,5;7567,03
45,2;7567,03
45,2;7576,217
37,4;7576,217
37,4;7596,886
31,9;7596,886
31,9;7596,886
29,3;7264,898
29,3;7264,898
29,3;5722,087
28,4;5722,087
28,4;3775,328
28,7;3775,328
28,7;3172,851
33,6;3172,851
33,6;3881,993
37,1;3881,993
37,1;3881,993
46,5;5128,286
46,5;5128,286
46,5;5966,293
51,4;5966,293
51,4;6461,851
45,1;6461,851
45,1;6681,305
52,6;6681,305
52,6;6681,305
53,8;6964,043
53,8;6964,043
53,8;6707,588
42,5;6707,588
42,5;6154,36
42,8;6154,36
42,8;5910,41
49,3;5910,41
49,3;5910,41
49,3;5934,651
49,3;5934,651
49,3;6067,854
47,7;6067,854
47,7;6304,405
45,7;6304,405
45,7;6546,826
49,9;6546,826
49,9;6546,826
48,4;6570,302
48,4;6570,302
48,4;6581,53
49,4;6581,53
49,4;6497,831
47,3;6497,831
47,3;6241,121
42,7;6241,121
42,7;6241,121
40,4;6002,019
40,4;6002,019
40,4;5887,954
41,3;5887,954
41,3;6529,218
54,7;6529,218
54,7;7643,584
72,3;7643,584
72,3;7643,584
63;8050,849
63;8050,849
63;7790,057
49,7;7790,057
49,7;6977,822
41,2;6977,822
41,2;5448,536
36,1;5448,536
36,1;4433,944
38,2;4433,944
38,2;4433,944
38,2;4766,443
40,5;4766,443
40,5;5612,361
48;5612,361
48;6434,546
47,5;6434,546
47,5;7356,252
58,9;7356,252
58,9;7356,252
62,3;8134,293
62,3;8134,293
62,3;8214,418
63;8214,418
63;7377,942
38,1;7377,942
38,1;6056,627
33,2;6056,627
33,2;6056,627
32,9;4675,089
32,9;4675,089
32,9;3981,003
34,1;3981,003
34,1;4491,36
40,3;4491,36
40,3;5036,167
47,7;5036,167
47,7;5036,167
51,5;5841,766
51,5;5841,766
51,5;7500,429
80,9;7500,429
80,9;8436,68
60,5;8436,68
60,5;8677,313
50,4;8677,313
50,4;8677,313
51,2;8429,534
51,2;8429,534
51,2;8770,198
84;8770,198
84;9110,097
65,7;9110,097
65,7;8978,935
52,9;8978,935
52,9;8978,935
40;7835,223
40;7835,223
40;6127,821
33,8;6127,821
33,8;4359,433
33,3;4359,433
33,3;3587,006
33;3587,006
33;3587,006
33,8;3714,851
33,8;3714,851
33,8;4233,375
40,9;4233,375
40,9;5145,384
46,1;5145,384
46,1;5885,657
54,4;5885,657
54,4;5885,657
56,1;6734,637
56,1;6734,637
56,1;7883,452
67,4;7883,452
67,4;8038,346
55,6;8038,346
55,6;7565,244
39,4;7565,244
39,4;6962,767
43,1;6962,767
43,1;6962,767
56,5;7026,306
56,5;7026,306
56,5;7381,516
51,6;7381,516
51,6;6968,38
43,8;6968,38
43,8;6132,67
36,5;6132,67
36,5;6132,67
33,9;5013,711
33,9;5013,711
33,9;4925,164
39,5;4925,164
39,5;5570,766
44,5;5570,766
44,5;6357,483
55,2;6357,483
55,2;6357,483
55;7040,852
55;7040,852
55;6848,447
42,9;6848,447
42,9;6021,157
38,4;6021,157
38,4;5989,771
42,5;5989,771
42,5;5989,771
66,1;6679,263
66,1;6679,263
66,1;7087,549
60,4;7087,549
60,4;6897,186
46,3;6897,186
46,3;6227,852
42,1;6227,852
42,1;5002,738
36,9;5002,738
36,9;5002,738
36,2;4616,908
36,2;4616,908
36,2;4903,729
42,3;4903,729
42,3;4958,337
42,2;4958,337
42,2;4899,646
38,5;4899,646
38,5;4899,646
41,2;4914,702
41,2;4914,702
41,2;5215,813
47,4;5215,813
47,4;4952,468
42,7;4952,468
42,7;4303,293
33,2;4303,293
33,2;4303,293
32,8;3590,323
32,8;3590,323
32,8;2692,349
30,2;2692,349
30,2;2035,519
31;2035,519
31;2339,692
34,8;2339,692
34,8;2339,692
34,8;2859,747
34,8;2859,747
34,8;2586,705
34,5;2586,705
34,5;2141,418
29,3;2141,418
29,3;2169,999
29,9;2169,999
29,9;2169,999
47,9;3891,179
47,9;3891,179
72,2;5731,019
72,2;5731,019
72,2;7080,404
63,2;7080,404
63,2;7853,596
52,7;7853,596
52,7;7853,596
46;7790,057
46;7790,057
46;7468,021
46,6;7468,021
46,6;7219,477
48,3;7219,477
48,3;7003,851
48,2;7003,851
48,2;7003,851
46,5;6904,586
46,5;6904,586
45,6;6775,976
45,6;6775,976
45,6;6480,734
40,7;6480,734
40,7;6294,198
44,4;6294,198
44,4;6294,198
45,5;6151,809
45,5;6151,809
43,2;5947,921
43,2;5947,921
43,2;5708,308
42;5708,308
42;5484,261
40,3;5484,261
40,3;5575,615
41;5575,615
41;5575,615
52;5999,722
52;5999,722
52;6315,124
49,4;6315,124
49,4;6229,128
39,9;6229,128
39,9;5721,067
36,9;5721,067
36,9;5721,067
35,5;5233,675
35,5;5233,675
35,5;5448,28
44,5;5448,28
44,5;5857,587
48,5;5857,587
48,5;5857,587
47,6;6030,854
47,6;6030,854
41;5747,86
41;5747,86
41;5211,985
38,3;5211,985
38,3;4722,297
35,8;4722,297
35,8;4574,038
37,1;4574,038
37,1;4574,038
40,5;4807,782
40,5;4807,782
40,5;5350,547
46;5350,547
46;5854,27
47,2;5854,27
47,2;6076,275
42,7;6076,275
42,7;6076,275
39,3;5734,591
39,3;5734,591
39,3;5278,587
39,3;5278,587
39,3;3960,588
38,2;3960,588
38,2;5394,693
45,1;5394,693
45,1;5394,693
45,9;5879,788
45,9;5879,788
45,9;6096,945
44,4;6096,945
44,4;6076,275
44,4;6076,275
44,4;6285,777
42,4;6285,777
42,4;6385,552
47,7;6385,552
47,7;6385,552
44,2;6331,964
44,2;6331,964
44,2;6121,442
42,4;6121,442
42,4;5472,013
37,1;5472,013
37,1;5051,478
37,7;5051,478
37,7;5051,478
46,6;5364,582
46,6;5364,582
46,6;5702,439
45,6;5702,439
45,6;5822,883
43,2;5822,883
43,2;5657,272
39,1;5657,272
39,1;5657,272
38,7;5262
38,7;5262
38,7;5190,04
39,9;5190,04
39,9;5543,462
44,4;5543,462
44,4;5723,363
44,3;5723,363
44,3;5723,363
42,8;5634,561
42,8;5634,561
42,8;5521,517
39,9;5521,517
39,9;5734,846
50;5734,846
50;6159,974
48,2;6159,974
48,2;6631,544
52;6631,544
52;6631,544
48,2;6897,186
48,2;6897,186
48,2;6680,539
42,7;6680,539
42,7;6184,216
39,1;6184,216
39,1;5690,19
38;5690,19
38;5690,19
35,4;4782,264
35,4;4782,264
35,4;4319,369
34,8;4319,369
34,8;4327,536
36,5;4327,536
36,5;4577,1
38,2;4577,1
38,2;4577,1
46,9;5410,259
46,9;5410,259
46,9;6066,324
49,2;6066,324
49,2;6480,734
51,3;6480,734
51,3;6476,651
43,9;6476,651
43,9;6113,787
38,5;6113,787
38,5;6113,787
38,5;5375,554
35,7;5375,554
35,7;4748,835
37,1;4748,835
37,1;4532,699
38,3;4532,699
38,3;4532,699
38,9;4619,715
38,9;4619,715
38,9;5102,769
41,6;5102,769
41,6;6101,284
42,8;6101,284
42,8;7214,118
62,8;7214,118
62,8;7833,947
63,3;7833,947
63,3;7833,947
63,3;7999,303
55,5;7999,303
55,5;7715,034
48,1;7715,034
48,1;6590,461
38,8;6590,461
38,8;5295,429
32,6;5295,429
32,6;5295,429
33,1;4056,025
33,1;4056,025
33,1;3565,061
33,8;3565,061
33,8;3523,722
35,8;3523,722
35,8;3523,722
39;4565,362
39;4565,362
39;6203,354
47,4;6203,354
47,4;7570,092
67,3;7570,092
67,3;8197,067
58,5;8197,067
58,5;8197,067
49,9;8416,266
49,9;8416,266
49,9;7922,239
40,3;7922,239
40,3;6993,899
36,2;6993,899
36,2;5797,365
34,5;5797,365
34,5;5797,365
34,7;4774,608
34,7;4774,608
34,7;4588,073
38,2;4588,073
38,2;4639,109
39,7;4639,109
39,7;4741,18
39,2;4741,18
39,2;4741,18
40,8;5170,901
40,8;5170,901
49,3;5873,918
49,3;5873,918
49,3;6603,985
54,6;6603,985
54,6;6908,414
49,2;6908,414
49,2;6637,159
42,3;6637,159
42,3;6637,159
39;6211,266
39;6211,266
39;6014,268
36,2;6014,268
36,2;6314,868
45,5;6314,868
45,5;6579,999
51,1;6579,999
51,1;6579,999
43,5;6391,677
43,5;6391,677
43,5;5767,254
35,4;5767,254
35,4;4817,733
32,1;4817,733
32,1;4133,854
33;4133,854
33;4133,854
35,4;3879,441
35,4;3879,441
35,4;4075,674
37,5;4075,674
37,5;4582,459
41;4582,459
41;5201,268
47,6;5201,268
47,6;5902,754
50,9;5902,754
50,9;5902,754
50,3;6497,321
50,3;6497,321
50,3;6812,977
49,1;6812,977
49,1;6773,935
47,1;6773,935
47,1;6647,621
43,7;6647,621
43,7;6647,621
43,2;6461,34
43,2;6461,34
43,2;6362,076
43,3;6362,076
43,3;6346
44,8;6346
44,8;6301,854
46;6301,854
46;6301,854
50,8;6891,572
50,8;6891,572
50,8;7702,53
77,7;7702,53
77,7;7828,333
72,2;7828,333
72,2;7583,617
58,7;7583,617
58,7;7583,617
52,9;7469,297
52,9;7469,297
52,9;7464,703
49,9;7464,703
49,9;7501,45
45;7501,45
45;7607,349
38,1;7607,349
38,1;7489,711
34,9;7489,711
34,9;7489,711
34,8;6616,234
34,8;6616,234
34,8;5930,058
41,1;5930,058
41,1;5563,111
42,1;5563,111
42,1;5600,112
43,3;5600,112
43,3;5600,112
45,4;5887,444
45,4;5887,444
45,4;6095,415
45,4;6095,415
45,4;6401,374
47,2;6401,374
47,2;6430,209
48,5;6430,209
48,5;6430,209
44,6;6514,928
44,6;6514,928
44,6;6479,969
44,9;6479,969
44,9;6324,819
44,2;6324,819
44,2;6202,844
43;6202,844
43;6038,509
45;6038,509
45;6038,509
44,2;5870,346
44,2;5870,346
44,2;5762,916
43,9;5762,916
43,9;5800,682
43,2;5800,682
43,2;5546,269
39,8;5546,269
39,8;5546,269
37,4;5079,803
37,4;5079,803
37,4;4209,132
34,9;4209,132
34,9;3147,078
33,2;3147,078
33,2;2235,324
28,4;2235,324
28,4;2235,324
28,4;1475,912
27,6;1475,912
27,6;845,3651
27,6;845,3651
27,6;274,7853
27,9;274,7853
27,9;274,7853
27,8;63,4972
27,8;63,4972
27,8;0
27,6;0
27,6;0
27,5;0
27,5;0
27,5;0
27,5;0
27,6;0
27,6;0
27,6;0
27,6;0
27,6;0
27,5;0
27,5;0
27,5;0
27,5;0
27,4;0
27,4;0
27,4;0
27,4;0
27,4;0
27,6;0
27,6;0
27,6;0
27,6;0
27,5;0
27,5;0
27,5;0
27,3;0
27,3;0
27,4;0
27,4;0
27,2;0
27,2;0
27,6;0
27,6;0
27,6;0
27,5;0
27,5;0
27,4;0
27,4;0
27,4;0
27,4;0
27,3;0
27,3;0
27,5;0
27,5;0
27,5;0
27,6;0
27,6;0
27,4;0
27,4;0
27,4;0
27,4;0
27,5;0
27,5;0
27,5;0
27,6;0
27,6;0
27,6;0
27,6;0
27,8;0
27,8;0
28,6;605,497
28,6;605,497
28,6;1545,321
31;1545,321
31;2771,71
34,3;2771,71
34,3;3489,018
37,9;3489,018
37,9;3886,076
38,2;3886,076
38,2;3886,076
37,2;4125,943
37,2;4125,943
37,2;4284,41
36,6;4284,41
36,6;4125,943
35,2;4125,943
35,2;3489,783
31,9;3489,783
31,9;3489,783
29,8;2603,292
29,8;2603,292
29,8;1572,88
28,2;1572,88
28,2;660,8708
27,6;660,8708
27,6;125,2508
27,4;125,2508
27,4;125,2508
27,4;20,8826
27,4;20,8826
27,4;0
27,6;0
27,6;5,571656
27,9;5,571656
27,9;263,3024
28;263,3024
28;263,3024
27,8;361,0357
27,8;361,0357
27,8;102,5396
27,3;102,5396
27,3;0
27,6;0
27,6;0
27,6;0
27,6;0
27,5;0
27,5;0
27,2;0
27,2;0
27,2;0
27,3;0
27,3;0
27,3;0
27,3;0
27,7;0
27,7;0
27,7;0
27,7;0
27,7;470,7628
28,3;470,7628
28,3;934,4227
